{"cameraMode":{"drawMode":0,"name":"Shaded","section":"Shading Mode"},"sceneLighting":true,"audioPlay":false,"sceneViewState":{"showFog":true,"showMaterialUpdate":false,"showSkybox":true,"showFlares":true,"showImageEffects":true,"showParticleSystems":true},"in2DMode":false,"pivot":{"x":493.4989929199219,"y":-109.99285888671875,"z":1564.742919921875},"rotation":{"x":0.045171722769737247,"y":0.08654340356588364,"z":-0.000054273506975732744,"w":0.9957404732704163},"size":768.5358276367188,"orthographic":false}