{"count":1,"self":25.981759999999998,"total":26.459058799999998,"children":{"InitializeActuators":{"count":18,"self":0.0009984,"total":0.0009984,"children":null},"InitializeSensors":{"count":18,"self":0.00099589999999999987,"total":0.00099589999999999987,"children":null},"AgentSendState":{"count":1105,"self":0.0168462,"total":0.032797599999999996,"children":{"CollectObservations":{"count":314,"self":0.0049707,"total":0.0049707,"children":null},"CollectDiscreteActionMasks":{"count":314,"self":0.0019695999999999997,"total":0.0019695999999999997,"children":null},"RequestDecision":{"count":314,"self":0.0090111,"total":0.0090111,"children":null}}},"DecideAction":{"count":1105,"self":0.43751209999999996,"total":0.43751209999999996,"children":null},"AgentAct":{"count":1105,"self":0.0039984999999999995,"total":0.0039984999999999995,"children":null}},"gauges":{},"metadata":{"timer_format_version":"0.1.0","start_time_seconds":"1603107257","unity_version":"2019.4.10f1","command_line_arguments":"C:\\Program Files\\Unity\\Hub\\Editor\\2019.4.10f1\\Editor\\Unity.exe -rebuildlibrary -cloudEnvironment production -projectpath C:\\Users\\caoil\\Documents\\WEasternGames","communication_protocol_version":"1.1.0","com.unity.ml-agents_version":"1.4.0-preview","scene_name":"Bouncer","end_time_seconds":"1603107283"}}